Product Name,Product Code,Quantity,Price
Mandocello,13,0,197.82
Zampogna,47,11,333.06
Zhongruan,37,16,802.4
Trombone,96,12,390.87
Vibraphone,25,12,396.85
Gayageum,60,20,914.8
Psaltery,94,3,738.68
Wind controller,28,8,499.11
Theremin,22,8,869.64
Dulcimer,46,12,42.84
Baritone horn,34,9,539.2
Ukulele,20,4,806.15
Synthesizer,90,3,322.82
Balalaika,83,9,324.4
Clarinet,68,10,563.22
Kalimba,66,6,153.5
Euphonium,53,2,170.9
Sousaphone,72,19,977.0
Kalangu,4,14,729.69
Octobass,8,16,577.34
Guzheng,7,11,459.58
Serpent,52,10,847.36
Oboe,70,3,627.15
Bongos,23,18,125.49
Dizi,92,6,470.09
Viola,93,0,316.36
Pan flute,76,7,762.87
Guitar,21,9,396.18
Steel drum,1,11,291.53
Accordion,35,15,422.89
Recorder,86,8,491.57
Hurdy-gurdy,11,0,783.14
Piccolo,59,9,146.09
Udu drum,74,14,790.59
Spinet,55,19,629.46
Daf,36,15,194.05
Whip,39,15,336.18
Washboard,75,3,369.86
Rebab,89,7,729.64
Baglama,82,8,48.76
Taiko drum,87,1,780.32
Shamisen,54,19,821.61
Yaybahar,58,0,366.4
Congas,78,17,192.13
Mellophone,19,8,593.25
Drum kit,27,9,264.24
Cor anglais,50,20,958.03
Kaval,5,18,730.03
Handpan,40,13,814.98
Koto,97,6,867.47
Pipa,15,7,685.5
Bass clarinet,88,19,198.06
Marimba,45,20,91.47
Tubular bells,71,3,721.45
Suvorov trumpet,41,17,78.24
Harp,31,14,242.96
Ney,67,7,966.38
Trumpet,85,12,983.23
Banjo,12,3,255.0
Tambura,43,0,70.25
Double bass,65,15,642.52
Jew's harp,69,17,628.56
Alphorn,77,16,762.2
Ondes Martenot,48,5,210.72
Djembe,2,5,520.33
Sitar,64,3,90.79
Chapman Stick,79,5,636.51
Ocarina,18,14,131.25
Flute,56,17,835.89
Bass guitar,73,5,941.28
Bagpipes,49,6,553.17
Kazoo,30,0,372.28
Contrabassoon,81,10,121.23
Lute,33,10,373.45
Violin,29,8,503.17
Steel guitar,62,12,145.88
Mandolin,16,11,537.59
Tremoloa,9,20,863.51
French horn,44,13,139.01
Electric keyboard,26,11,337.64
Cello,17,17,791.29
Nyckelharpa,6,17,144.2
Mbira,14,10,173.17
Didgeridoo,24,4,930.55
Saxophone,3,19,434.42
Piano,51,19,310.01
Lyre,42,1,480.79
Tuba,10,19,843.68
Whamola,95,18,991.9
Clavinet,91,13,61.11
Zither,63,17,697.09
Taishogoto,32,3,100.18
Xylophone,38,4,468.01
Flugelhorn,61,12,262.89
Bassoon,80,4,355.56
Rahmentrommel,57,8,26.62
Aerophone,0,10,614.38
Monochord,84,17,86.89
awdijawidawij,1000,2,2.0
